{
    "categories": [
      { "id": 1, "title": "coffee" },
      { "id": 2, "title": "tea" }
    ],
    "products": [
      { "id": 1, "name": "coffee", "image": "https://images.pexels.com/photos/312418/pexels-photo-312418.jpeg?auto=compress&cs=tinysrgb&w=1260&h=750&dpr=2", "price": 100, "categoryId": 1 },
      { "id": 2, "name": "capuccino", "image": "https://images.pexels.com/photos/1695052/pexels-photo-1695052.jpeg?auto=compress&cs=tinysrgb&w=1260&h=750&dpr=2", "price": 150, "categoryId": 1 },
      { "id": 3, "name": "capuc", "image": "https://images.pexels.com/photos/1235706/pexels-photo-1235706.jpeg?auto=compress&cs=tinysrgb&w=1260&h=750&dpr=2", "price": 299, "categoryId": 2 }
    ]
  }